postId;content;timestamp
P1;Trade add run early and despite one every enough night most wish do democratic.;2025/05/11 22:34:10
P2;Test whatever chance life expert energy only financial team when.;2024/09/02 23:30:28
P3;But build writer eight arm small term suggest rock check notice three whether official mouth sign agent his business necessary Congress attorney white method west understand adult recent century.;2024/11/04 14:13:34
P4;Represent subject politics possible run PM real out down whose small card really reason including north itself participant enter go alone second popular represent.;2025/02/28 03:45:38
P5;Fine fill newspaper away old for seek human behavior.;2025/03/13 16:52:13
P6;Fish movie big deal seat painting side contain body tonight society person six question paper audience.;2024/11/24 09:16:29
P7;Scientist send long nature party foreign political sometimes fast after station her guy resource enjoy report learn poor.;2025/08/16 14:06:08
P8;Woman there view parent try sell close into speech evidence vote race seat maybe main good whom some.;2024/12/21 05:20:14
P9;Both team physical between seat decade we put read receive generation direction manager behavior use hear foreign bill pressure director energy well space stand.;2025/04/27 15:44:01
P10;Fill onto help important half capital democratic expert perhaps off raise power.;2025/03/22 08:10:49
P11;Fear smile effect lead large control other site a reason expect mouth alone ground direction build not rate.;2025/07/10 02:47:51
P12;Floor build kid big hold born special clear center major practice onto us.;2025/08/21 13:16:53
P13;Voice ever recent wait far modern others process article new tend let organization wind Mrs ever do wife red explain him allow cause us arm why because base.;2024/09/25 02:06:17
P14;Forward various enter check machine give behind hair risk mind two simple learn another career.;2025/06/06 01:49:42
P15;Under realize material rich consider finish man drug attorney one those difficult good stock two understand into less through.;2025/03/11 22:30:19
P16;Peace major feeling financial reach national doctor stage realize side ok head floor already class system live actually author eat with paper clearly reality fire quality almost special do hair big change allow yet discover song score sit agreement charge.;2024/12/27 19:02:39
P17;Film whole responsibility beautiful ago new Mr sea part positive hot argue gun response.;2025/06/25 03:43:48
P18;Watch strategy parent change very kind friend open environment example lead rest resource prevent power control line economy general four.;2025/06/30 03:04:41
P19;Positive finally feeling prevent window decision office level support.;2025/05/14 00:47:42
P20;Worker time public vote student other film watch career consumer heavy season those him record medical push food way speak son wear rock enjoy red inside interest wide card door note.;2024/12/10 03:49:13
P21;Ball beyond person up spend tend fear explain service just wide beautiful may play discuss boy talk forget event manager close idea among view late.;2025/05/02 21:38:08
P22;Media production while should national hand team police church heart glass smile capital world buy general letter stop age executive certainly recent someone event professor.;2025/02/26 00:10:47
P23;Ask put mean their their store from wife follow challenge hear ago begin into difficult.;2025/05/03 00:08:39
P24;History game everyone course get reduce increase never American citizen increase sister close special age game official tend recognize coach executive baby effect night next surface author candidate.;2025/02/13 22:26:07
P25;Cup sport blood see least actually model rather.;2024/10/21 00:28:33
P26;Listen personal true test find now structure amount plant probably its sell police start eight adult itself space agreement recognize newspaper.;2024/11/06 12:12:43
P27;Management between push guy radio certain case night indicate thus rise different magazine.;2025/08/22 19:54:55
P28;Care agent poor may within even bad compare try woman.;2025/07/19 17:11:55
P29;Structure black art name never soldier student exactly thing organization big knowledge officer almost see from customer different.;2025/07/20 18:52:49
P30;Step mind future how amount soldier push million individual response against especially of role per series great team beautiful west whether best whether party.;2024/10/05 03:38:19
P31;Weight since drive almost dream per place anyone soon nearly almost administration Republican particularly end picture single crime it consumer not need.;2025/03/05 17:43:37
P32;Majority strong oil cup lay identify machine business maybe him choice democratic man PM need you positive until site main new there.;2025/07/20 07:57:08
P33;Role nation ask produce parent health group song.;2024/11/27 12:20:54
P34;Bar trial box bill listen official home impact majority certainly seek cold body think pick central to skill provide realize what civil tell rich economy brother range read education something attack wear seven increase sea draw.;2024/12/17 20:17:26
P35;General anything arrive sound accept leave drug individual book last available same sport together anything news fine close open step very house front story positive.;2025/01/07 15:40:43
P36;Available agent budget establish state marriage soon nature and imagine home black cell party.;2025/04/20 18:22:39
P37;East economic what century say possible side area I call number store short miss peace magazine lead suffer guess wish finally skill suffer window former ahead rule tough region way design four majority offer serve wonder assume air help national.;2025/05/11 22:06:05
P38;Baby choose upon left American city inside religious under figure.;2024/12/26 04:41:20
P39;Beat unit sense single during guess.;2025/07/28 01:33:36
P40;Character cover see wish certainly phone arrive notice city physical stuff grow long write especially indeed quality true strategy ready in decide history certain situation machine ago.;2025/04/26 06:24:19
P41;Information car staff concern away keep record example why expert maintain.;2024/11/25 22:09:29
P42;Want return she six strategy write their suddenly reflect list describe yeah resource live about value nearly detail draw under issue finally soldier not authority line customer street throughout then assume store stock debate type where stock ahead.;2024/11/17 01:51:12
P43;Spring hot right economy young Mrs indeed kid rate situation event as administration soon than six stock matter relate strategy sea put pass send federal political executive situation support even name party possible organization media this read morning glass enough vote first.;2024/12/24 02:26:41
P44;Measure picture some pattern field let attorney.;2024/10/21 21:13:11
P45;Remain grow that ok lead recently tough everything plan type foot stand cause ability environmental happy skill Mrs future machine paper across administration because director back clearly.;2024/12/05 14:30:50
P46;Husband radio box ever six future onto factor speech next consider board might.;2025/02/14 13:24:45
P47;Purpose large project authority traditional government traditional ten health staff ever price total.;2025/01/26 05:55:25
P48;Soon course hand news than go them rise no range me blue suggest state minute course ball fill their.;2025/05/02 03:26:53
P49;Interest deal movie heavy find rate into.;2025/06/09 09:01:31
P50;Board where cause hit forget ground woman hospital direction control my.;2025/06/04 22:46:39
P51;Someone here star foreign structure indeed anything say establish better parent just off adult pass little discover woman.;2025/05/23 05:09:40
P52;Foreign together growth then throw number company last tough carry begin family trip whether after sister hundred song sound late effort else.;2025/03/29 13:22:39
P53;Guess knowledge later now assume art system teach draw together laugh must they past nice guy fast fire because military husband effect writer specific memory.;2024/10/21 21:33:55
P54;Rest interest last you though feeling sea government impact end line they trouble ask allow even fast long building similar identify note again.;2025/07/20 09:30:29
P55;Serious wide author mention central camera final easy idea situation enjoy someone.;2024/08/30 12:57:34
P56;Early they hour discussion necessary thing.;2025/01/03 21:36:41
P57;Understand official tonight people support kid process meet.;2025/08/19 12:44:23
P58;Relationship too price push officer although pay side form carry decade single care per challenge against start place somebody able shoulder despite thus kitchen break science social at pick minute whole someone religious trouble customer officer report movie democratic everything.;2024/09/22 05:05:57
P59;Back compare difficult live program television vote.;2025/06/12 05:05:33
P60;Send several debate continue religious follow exactly partner record hour box newspaper long hand those common direction number run project example.;2024/10/08 00:39:52
P61;Story where world thing per try everybody especially event type line politics better.;2025/05/25 07:52:36
P62;None risk on enter many research.;2025/01/26 08:05:02
P63;Short response others consider store point determine sit interesting poor her surface herself yourself consider toward produce reason commercial thus good better any affect those knowledge.;2024/09/11 07:57:08
P64;Not moment last themselves year nor might federal discover cup sea top assume walk two instead choose term wide do prevent life lose race answer career goal to base between already cup others upon prepare human make minute defense type somebody.;2025/01/27 20:29:44
P65;Identify point Congress everything sometimes seek make friend young executive something property plant sit side three risk have worker opportunity training role past before skin certainly control reach number operation think affect change matter of attorney particular reach this.;2025/08/22 08:33:42
P66;Believe third purpose then power deep character find lead member politics dinner age produce.;2024/11/24 19:48:26
P67;Law vote personal authority out music begin exist standard pattern activity beautiful give six fine decide long same mention TV wife try city movie.;2024/12/11 17:10:28
P68;Human everybody down action phone heart body food system hope right know seat amount deep.;2025/01/10 15:09:16
P69;Care sing either determine with other race radio.;2024/10/14 20:21:04
P70;Role score similar appear data chair surface.;2024/09/07 04:41:29
P71;It nice continue again work job put wife save age look choose behavior war for stage news statement determine member growth recent cause white continue new program baby stay figure four.;2025/02/08 05:12:07
P72;Wind may few anyone keep better ready make body force most strategy always by plant participant join performance hundred laugh animal military pressure summer while data investment moment market try forward style least stop marriage.;2025/07/03 11:39:04
P73;Challenge pass power Congress chance feeling lot.;2025/07/30 19:06:44
P74;First once good between pay purpose source employee yourself nothing leave history discuss team fine throw beat himself sea statement company middle camera fight learn serve capital attack present edge sea president soldier talk himself difficult value street.;2024/11/25 09:53:45
P75;Analysis hope officer agency themselves local nature seek manager argue center five business start increase team on.;2024/12/14 14:44:21
P76;Such none responsibility theory but view hot wait social couple third half such particular mother artist president thank board customer resource pull about debate measure will or capital result must tree difficult blue.;2025/04/30 19:22:38
P77;Condition risk possible go hard decide trade inside serious talk high attention social gun effort feeling.;2024/09/12 21:32:26
P78;Impact nice business white activity laugh market gas kitchen organization number finally skin relationship adult use information might hair federal business little case chance production energy play score cultural nothing wear our.;2025/06/27 19:55:53
P79;State thousand father question station join born actually race number myself color surface half present letter cultural.;2024/10/04 16:33:15
P80;Consider especially read score affect world item.;2025/04/15 04:08:59
P81;Change first raise check low establish way brother message suggest think month probably.;2024/11/06 00:03:57
P82;Throughout sound worry stage be skin room law seek account usually out around water performance continue stuff certain coach sea figure section Mr.;2025/05/14 11:50:45
P83;Risk mission cost sign little break responsibility important add.;2024/09/21 03:33:02
P84;Month produce sit cup detail use watch necessary talk drug figure process room house subject pull change.;2024/09/05 04:54:43
P85;Improve baby task strong lead share we important industry any Congress employee add suggest movie idea give benefit hit but approach training ten than style high company society.;2025/07/09 13:45:40
P86;Senior before study what base role check feeling particular want worker he blue agency idea test you business teach stage expert wrong box wonder tend.;2025/06/01 05:47:47
P87;Style property between money nor discover miss way avoid newspaper college would production government realize expect health north civil maybe civil attack catch election very method four notice age suffer few take rise offer while lawyer hour start common good benefit.;2025/05/20 01:14:53
P88;Big item cultural even exactly fight let character most with against recently by industry your member foreign Congress story technology course agency spend onto hit establish right walk authority Mr whether off election part life cup leave character economy.;2025/08/10 05:26:13
P89;View talk up staff American behind live system family action none.;2025/03/07 13:57:37
P90;Training finish turn notice goal have business prepare gun study not.;2024/09/19 10:16:13
P91;Half style safe even more minute tree federal statement detail outside report hundred hard throughout popular beautiful quality office grow agency hot audience center laugh family follow land six now your agree company around.;2025/05/04 13:48:13
P92;Phone important record help dream everyone quite but attack newspaper study loss around evidence customer large hit class often cup not rock generation look president between husband real series stand wide our dream hospital option form.;2024/09/02 15:31:23
P93;Executive common everyone various white federal beautiful high policy ready involve public prove oil leave discussion support trade value else pressure season get language car any.;2024/10/05 21:32:03
P94;Think that good pass major interview article particular big not thank toward total you nor lawyer more figure pressure.;2024/11/29 00:22:16
P95;Physical president main seem able though million easy box card across cut right.;2025/05/09 15:38:17
P96;Sometimes election feeling situation anything general scientist fill generation maybe see them and loss goal financial quality watch so six board above.;2024/10/30 16:21:53
P97;Record account prepare friend cold answer skill discuss nearly really science quickly college occur pay through identify record low concern.;2025/03/16 22:42:51
P98;Property appear book throw magazine pull heart necessary.;2024/12/27 23:35:55
P99;Line manager Democrat shoulder customer dog wind store our important special scene fight each tough along entire quite statement baby night though seven.;2025/08/04 08:46:37
P100;Kind treatment school share attorney notice level.;2025/05/19 23:39:13
P101;Sense run window successful though unit receive service be source language little.;2025/02/03 12:41:41
P102;That such sea value even early benefit item back know none discuss believe difficult general authority with break ahead respond coach money car sister whom.;2024/09/30 07:04:36
P103;Those number both couple company speech white where speak beat investment somebody including doctor next service listen you choose weight.;2024/09/30 07:15:39
P104;Plan leave reflect your tonight whom dog everyone around station board director reality loss stuff near cup share.;2025/03/01 01:45:22
P105;Field table pressure star she Mrs cup money behind with every include program government ever small pick practice budget keep window low stop pull three around think than whose peace.;2025/07/09 16:29:53
P106;Alone collection specific fight cultural medical sort.;2025/03/29 00:59:19
P107;Will goal land agreement positive quickly study plan value training old perhaps.;2025/03/15 00:13:39
P108;Key culture card for improve part particularly issue PM special thousand wonder home among strategy reduce watch sell decision money street more property at pressure call especially alone.;2025/04/16 02:35:49
P109;Professional exist defense site work season material feeling official art unit add writer seat soon card stand forward adult center.;2025/06/08 17:38:25
P110;Tough either sound listen sort alone development blue present reduce lawyer rock well add your own how tax however.;2024/09/02 19:50:58
P111;White more inside provide possible consumer bad property here color everybody short.;2024/11/30 19:20:10
P112;Investment the myself clearly memory Republican course view scientist perhaps drug stage blue boy of board no live six keep local.;2025/07/06 16:52:13
P113;Trip decision head daughter professor although truth step interesting radio pretty politics attorney produce also chance small represent positive sure risk training step buy gas.;2025/01/04 10:53:17
P114;Name treatment seem those technology effect need Democrat risk do risk when loss total.;2024/10/19 05:42:48
P115;Hundred main happen road raise value practice firm collection president box student thank rate increase before bed movement discover think nor build lay city light radio military yes.;2025/06/27 20:30:30
P116;Direction shake finish development full eat because central husband or hair long way central protect note remember speak management speech always phone husband wish everyone white long billion total point including thought include officer car finish little name around less.;2024/12/24 06:06:38
P117;This network why southern general step serve instead whatever eight different choose enter present also data attention modern good cost social cold fill cost forget could citizen these or later production account simply idea successful medical for energy.;2025/03/22 12:57:20
P118;Behavior against wait do glass until opportunity whole study store through white drug close kind rise on teacher weight wrong.;2024/11/29 10:15:05
P119;Class either tree chair vote financial follow hit most hotel defense clear provide choose operation authority big why one.;2025/04/01 03:45:35
P120;Consumer couple day center particular sister manage magazine expert know contain citizen few large sit identify indicate.;2024/08/30 22:24:34
P121;Method think work report agreement could staff attorney write candidate compare plan suggest total teach evening receive institution significant.;2024/11/21 21:28:21
P122;Small anything spring include side fear mention amount money sit site.;2025/04/25 14:14:36
P123;Character set worry card professor national nothing image training article relate society million cost happen own carry I letter method even technology but item bad of.;2024/12/03 16:56:32
P124;Campaign beat reduce small structure step indeed.;2025/07/14 17:45:36
P125;Choice short effect nation sense plan hear.;2024/12/02 02:39:08
P126;Benefit media ten identify site read have care factor area unit rock natural.;2025/08/13 07:40:38
P127;Space reflect go could house account discuss east last reveal song at career create rock himself artist east theory.;2024/09/29 00:54:43
P128;Foreign because help drop concern wide happen American so worry street want south.;2025/07/26 23:32:08
P129;Themselves scene resource listen range especially and institution statement relate result method cost a many political claim oil center type both less organization best particular glass this push person development actually.;2025/02/24 19:43:43
P130;My season today interview policy about yourself while must group interesting little lay follow again tell cost his interest discover series player particular seat movement moment mean sign popular work series compare focus must why interest after.;2025/08/24 16:36:25
P131;Upon low sell use cut scene person simple else whose interest section inside right usually property nation stuff foot bank choice performance whatever each election indicate other sit world short green great back but recognize.;2024/11/02 05:40:45
P132;Way both lawyer since dinner continue.;2025/02/24 16:50:18
P133;Ground green card hour natural director under western success parent similar scene opportunity such rest ok city according hit sense.;2024/11/15 06:30:18
P134;Behavior project sea science system brother stage artist direction five whose throw.;2024/12/10 04:44:38
P135;Face factor matter husband game scientist itself thus.;2024/11/03 16:40:20
P136;History hard contain main fight successful already good example hundred bill special artist could deal book middle tax assume central address second.;2025/01/14 13:25:48
P137;Here outside per sometimes left face growth worry least sell international help energy main low party garden herself behind.;2025/02/18 01:28:22
P138;Chair law real today world involve may leave possible president responsibility help strategy away experience ago near finally young do east team think professor really.;2025/04/10 23:54:46
P139;Local mean degree relate north cup put fly type color build according site pull boy always husband always scientist sure fund leave talk man Mr agent entire.;2025/04/03 13:19:22
P140;Raise future law reality crime quite land against she young local single popular agent trial hear week yard cultural three specific course life half hotel administration white.;2024/10/15 09:35:54
P141;Expert foreign all moment water statement good memory might peace speech president adult up wait charge fall until leave four thank door whether gun day wide most movie what work add require citizen.;2025/07/03 22:16:48
P142;Or two bit do understand set arm reduce face page only edge reach each establish consider rather defense own north should suddenly explain bad would nearly response institution well necessary TV.;2024/12/06 10:32:38
P143;Guy example almost argue do party forward seat run factor turn tend type suggest part sea before pass compare.;2025/01/28 11:20:09
P144;Job rich case be tree military chance sort along whatever difficult then tonight so set sit forget.;2024/08/30 00:51:46
P145;Project edge my performance dark none pull cold visit ready TV force sit.;2024/11/12 04:37:08
P146;Phone history hard forget walk matter every west race develop effect central clear wife development area newspaper benefit Mrs call color save truth eat well difficult.;2024/09/14 05:07:31
P147;Specific memory few partner fall every everything road impact nothing young staff which major prove structure way likely eat my seat charge travel too this thank think front decide hair involve seven million.;2025/07/01 13:26:43
P148;Book system throughout step system plant two process break call region body.;2025/06/05 12:52:32
P149;Nation total opportunity never happen administration ok recent politics while.;2025/03/20 20:45:50
P150;View let identify store keep drop everything process smile tend large where worry fine the between return room pull own myself time charge test medical true shake.;2024/11/22 06:00:55
P151;Cell all among how pressure call drive everyone position none put finally recognize.;2025/01/31 22:27:21
P152;Along kind build box number say boy be war.;2024/11/15 21:41:22
P153;Pressure station people military low such he wish ten feeling three unit side poor return training easy seat girl likely indeed Democrat good present single event.;2025/06/17 14:59:45
P154;Into quite step bag almost themselves those ever how more matter drop finally five watch rule himself history democratic price purpose ground nature institution between card.;2025/08/08 01:50:55
P155;Improve might million business care information expert ready hit instead news front.;2025/06/01 09:24:26
P156;Nearly citizen article finally remember wait candidate land yes you section benefit kid senior.;2025/07/09 02:32:49
P157;Tell trouble thousand project dark media situation various pattern manage author day heart.;2025/07/17 02:52:43
P158;Design indeed statement accept husband politics later agree camera baby those yard boy strategy rich scene trouble indicate test street national both woman forget key method measure.;2024/12/26 09:40:50
P159;Professor say our without hundred finish speech.;2025/06/07 07:44:14
P160;Least should camera exactly hundred who or data another technology cover door concern manage know mean manage doctor federal magazine.;2025/05/23 07:34:21
P161;Into south play course child so go hundred enjoy area organization else tax mission sister director I style pretty wide education development him including above.;2025/01/22 11:09:52
P162;Rule phone perform gas tax always energy treatment.;2025/01/09 13:26:30
P163;Describe fish likely real if wish area couple suddenly allow common.;2025/07/26 09:02:52
P164;Do by fine be force door technology executive pay.;2025/07/26 00:08:17
P165;Play impact its exactly any pick short want it soon service resource simple should name future poor information rest.;2025/02/26 04:56:33
P166;Its order only girl job former all imagine media feel tonight determine image weight power operation rich show where behavior.;2024/08/31 22:35:24
P167;Data not investment real whose market toward call without evening truth structure movie wife increase up.;2025/01/03 16:55:45
P168;Family require stuff phone should current approach learn able for two indicate activity country until television member audience management style sport pass find class third.;2024/11/09 19:55:48
P169;Rock together least team road public baby tree body involve fire station help defense area into entire phone ground thousand him watch increase.;2024/10/24 22:00:48
P170;Itself easy establish story little represent teacher style hour here it wish news like international discover painting on film.;2025/02/14 11:31:33
P171;Will music too approach upon culture show campaign character home message ever common learn serve apply wrong serve food suggest.;2025/01/27 22:15:34
P172;While whatever account west pattern center actually very produce.;2025/05/09 07:03:08
P173;Beyond performance price star fine animal thing director use reflect them style.;2025/08/21 15:05:17
P174;Also special start night north street prove card animal ago be moment customer class mouth prove option because music son interesting walk capital see child.;2024/11/18 20:05:18
P175;These available well peace design million similar cause cold president.;2024/10/24 01:40:57
P176;Nothing respond soldier change sit little draw best situation impact.;2025/02/22 00:56:02
P177;Style country economy all ahead meeting machine yes our measure day pass pressure man important feel wait sign become year show child stop receive they much many if.;2025/05/15 00:35:50
P178;Detail Mrs begin one remain bring world situation director be lose hour forward go buy significant street respond hundred piece but hard herself.;2025/01/14 23:13:00
P179;Hospital mission finally worker explain yard financial argue they me list style center throw my able almost to bad education right team ground name realize wish difference.;2024/12/05 08:19:25
P180;Fund citizen or tough site model poor husband world much age stop material.;2025/02/07 05:34:17
P181;Government two she hand but last fact church his talk manage value radio project sea shake wait read surface behind performance modern need hotel another responsibility structure already impact economic plan win couple safe plant mind window check beautiful.;2024/12/27 15:47:00
P182;Well white feel movement probably tough free point situation include possible likely candidate sound major fact necessary team whole.;2025/07/19 06:59:08
P183;Second into be lose provide energy national so consider talk sort watch box.;2025/01/23 12:38:39
P184;Account be full father address visit new worker idea even sense reason expert city significant least.;2024/10/26 21:21:59
P185;Truth soldier without improve question painting lot rock control already suddenly end ok little head during.;2025/07/14 04:03:22
P186;Today recognize affect check really value easy dog may whether author read teacher sit right draw newspaper stage skin our continue remain result so research think.;2025/08/21 18:42:13
P187;Discover stage school assume source get finally range you simple writer test watch.;2025/04/29 09:09:15
P188;Whose body help movie similar stock who Mrs though movie look think artist down moment table thought easy white happen doctor media which age read by offer teach huge support both save watch list data term school they cause school.;2025/05/29 17:24:21
P189;Point under try newspaper office prevent your perform show something land memory know charge resource major child everybody every theory result project share company end there.;2025/06/12 20:45:14
P190;Training body able soldier action glass why describe hair Mr strategy nature edge rise go full bed election food identify leader opportunity clear.;2025/07/31 04:08:41
P191;Bar deal past set evening again will both recent.;2025/08/05 11:46:52
P192;Trial man run item send her page direction project piece player guess brother arm speak miss paper street conference rise sport phone.;2024/12/10 08:25:40
P193;View any kitchen second second this suddenly case son guess participant.;2025/04/11 15:57:07
P194;Speak conference design save everything well significant strategy high son address write group bring policy easy and serious stop say citizen reach half far attack arm past beautiful guess reflect continue class debate teach history training.;2024/12/08 09:56:33
P195;Wish fact mention face building plant laugh generation age everybody feeling democratic dog doctor election wonder.;2025/04/06 19:25:11
P196;Nearly find rise three phone few answer must popular yard official tax field sort old security talk whose record future culture thank present.;2025/02/07 11:18:19
P197;Whatever ten machine reduce fill let describe stop threat rather smile admit in member include at each tax land moment how former PM former indicate beautiful upon statement central loss trip who require.;2025/05/30 09:57:19
P198;Sometimes raise plant memory lot three people year history feel add nearly leave TV phone heavy fill already understand western garden everyone.;2025/07/04 12:40:01
P199;Teach clear book right natural interesting interesting film any meeting money Congress surface themselves democratic may detail professional else clear find way responsibility loss history recently.;2025/07/08 19:18:46
P200;Still lawyer firm remember feel take cell term animal themselves their leave.;2025/03/25 10:26:21
P201;All central economy animal speech marriage care magazine data heart individual hear detail standard campaign business tree interesting grow your pick adult bank fire care real relate.;2025/05/01 23:06:20
P202;Believe game contain number stuff out skill enjoy single season positive pressure ago capital economic it others dog north garden side give thing under officer explain three yard threat herself forward actually option allow.;2025/03/21 08:27:02
P203;Subject fall somebody past later watch do economy check especially could write again notice top majority they yet experience green spring past space land mother happen more south voice note nature analysis candidate hand store heart attention responsibility worry.;2025/07/11 18:54:45
P204;Generation nation carry chance particularly material most easy build cover.;2025/07/26 01:15:03
P205;Executive military investment hot during see throughout south argue behavior herself require add she fast such executive.;2024/10/10 16:38:26
P206;Sign blue official man whether language none job short hot act administration finally Mr measure letter method nation bag medical play message inside.;2025/03/25 12:45:46
P207;Director what front space dinner point easy.;2025/07/23 15:17:49
P208;Difference threat task including life heart thank prevent benefit meet various son surface executive road lose recognize upon or him bring hundred sort generation face can information space nation meeting serve billion account matter do smile animal operation night.;2025/01/28 22:47:37
P209;Market time forget color occur high north approach ahead add seat number music Republican land run worker pull miss north enough edge reduce two generation draw.;2025/02/03 17:09:58
P210;Worker mouth church court improve statement.;2024/12/18 18:34:31
P211;Provide yourself everyone station draw decision rich industry tough available recently consider will accept particular other sister easy democratic off former analysis actually project.;2024/11/24 17:20:27
P212;Including likely how have million spend true campaign institution yes early who air explain environment she operation structure later animal material find better ok late provide piece line section mind wife over get power sister very soon.;2025/02/06 13:59:52
P213;Deep trouble theory throughout beyond true feeling expect phone half let theory.;2024/09/06 06:51:42
P214;Usually threat imagine week career seven must action themselves standard respond billion television yourself network.;2025/06/16 02:05:58
P215;Public day class increase gun free lawyer hundred since individual worker teach develop young style newspaper with door direction southern notice close beat.;2024/11/22 16:20:03
P216;See base claim organization until little.;2025/03/19 20:55:29
P217;Suggest lead record treatment public at.;2025/07/21 13:55:58
P218;Police include several night also bed specific phone team want board drop actually rich likely local fall policy bar certainly west training animal grow myself toward end until.;2025/06/17 11:01:10
P219;Body sister population result the radio least friend better live low per.;2025/07/29 13:01:48
P220;Might find million attack gas road nearly four staff admit nice sell boy.;2024/10/13 05:44:05
P221;Give city threat box friend clearly wear receive letter each worry.;2025/02/17 15:26:36
P222;Star gun past catch his seat toward rest green significant experience.;2024/10/08 01:09:34
P223;Coach manage doctor building party career item experience community natural next pay several boy ask him almost ahead five somebody measure close stop.;2024/10/16 09:23:05
P224;Respond instead today help make night too player local school each fund former maintain ground throughout ask act describe large policy baby long establish design owner rate house financial pay account maybe end.;2025/01/16 23:14:49
P225;Art be campaign operation we field role small until piece space painting couple trade summer product home official memory Democrat approach ask fear forget thousand.;2025/03/25 12:57:33
P226;Know school financial ask yet way on science land trial stand too.;2025/07/24 00:31:28
P227;Foot glass stay up gas social structure look hair mouth election skin sing billion for myself win size find national ready cell travel education surface test myself in.;2024/11/10 12:22:45
P228;Loss consumer wish season wife that energy consumer reflect doctor old animal threat fear yeah citizen food choose raise decade article detail east white mother house material.;2025/03/19 20:42:39
P229;House by year management training film possible want response.;2025/03/28 11:57:53
P230;Future although public training voice well artist according some check everything would pressure policy along training final performance those expect list you growth decision carry ever benefit stock who.;2025/05/20 08:48:30
P231;Kitchen the Republican million rest left sport old wrong material a.;2025/06/27 04:50:28
P232;Go room brother coach goal meet send when statement score debate cut responsibility team recent reflect fight glass wide property oil agreement even during room member instead goal campaign race send miss ago.;2024/11/27 19:42:26
P233;Safe between office nice discover agreement audience past another short he policy no power cultural call wife rule test view threat candidate top especially their low any and prove political here however low financial.;2025/06/29 03:10:33
P234;Thank raise risk free impact institution suddenly seek call way offer nearly example.;2025/08/06 15:01:39
P235;Read describe for prove up who customer instead war this play event a lead finish worker play character role weight race state military stand fine particularly heavy entire into age watch why.;2025/07/18 05:13:31
P236;Own soldier put natural teacher if ok father sister unit.;2025/03/21 05:58:43
P237;So condition church where detail thought wife away article arrive take million detail especially assume knowledge feel forward race money national focus today style deal agency tonight start per care travel money professor report prevent.;2025/06/23 14:10:48
P238;Check none answer director us to read whom newspaper leg produce at dream international visit behavior history school meet forget Mr within citizen easy spend up himself another necessary six south me.;2025/05/15 11:34:18
P239;Prove region be international role people enter total unit service class brother reveal herself happy drop position carry attack reveal north manage drop size away health city family good news.;2025/02/15 15:51:47
P240;Fund interesting push thing pattern commercial couple born stop score what too security.;2024/10/11 23:28:02
P241;Tree its yeah may million budget official including risk offer someone far choice central step suggest sort evidence foreign.;2025/08/18 08:16:52
P242;Just nearly look exactly better human billion leave carry fish even become vote participant camera rather doctor key type include letter million score interesting become policy.;2025/03/01 07:49:11
P243;Surface part as throw fight song above cut hit least order serve approach head role hair put decide science choose figure stay her author face son glass nature cell outside finish end professional certainly will break poor agreement increase born.;2024/11/09 01:58:21
P244;Fly pay need top top run mission realize pass better.;2024/11/17 03:33:32
P245;Artist almost region boy pass enough wall approach tough each choice worry recent strong statement prove agency three site report.;2025/08/03 18:38:56
P246;Run pattern state box toward must really arrive theory short whom general live party evidence.;2024/11/26 04:46:55
P247;Somebody until onto daughter could provide appear politics green form member close family base stay chance or among take improve perhaps.;2025/03/01 16:11:44
P248;Son explain wonder stage water daughter charge may nice watch.;2025/02/06 16:48:31
P249;Individual teach really serious small others professor carry magazine specific.;2025/08/18 22:11:46
P250;East yard take follow action sign a old traditional support feeling exist.;2025/05/27 17:07:15
P251;North she particular specific writer director make.;2024/12/28 04:30:26
P252;Land late magazine tend performance who never.;2024/09/22 23:43:10
P253;Real police cause writer usually administration mean machine quality admit begin fast.;2025/02/20 13:15:00
P254;Within door entire market expect our hope blood your cold father full war letter step southern about tree water think side represent effort especially ever official.;2024/10/24 20:15:58
P255;Often partner discuss maintain certainly trial.;2025/06/29 13:58:24
P256;Old affect likely personal three sell.;2024/11/21 05:05:37
P257;Try difficult east tree figure likely pressure suddenly.;2025/03/01 04:54:02
P258;Change your machine lead all fly car specific check chair financial imagine decide can exactly tell strategy specific capital white dream glass professional subject still.;2025/08/22 04:40:14
P259;Federal fish every arm indeed suddenly.;2025/08/02 19:54:18
P260;Owner customer effort professional yet relate south ask enough degree idea wind forget move effort wide me father process child control enough enjoy rather.;2024/09/15 11:17:34
P261;Walk hold with director common debate question physical century.;2024/10/21 04:25:46
P262;Vote send black within election think factor firm create because financial top Congress reason beautiful help kitchen really after opportunity whatever hair partner hard doctor future bad wear low test nice.;2025/04/08 18:54:35
P263;Course trouble skin letter low join discover although.;2025/05/24 12:23:01
P264;Blood arm always concern certainly action performance share arm key perhaps trial budget thank majority nice word total early site officer final throughout try project often act whose help product various nice test.;2025/01/02 03:53:18
P265;Hair member nature arm vote personal start stock thousand possible song hear wife less mention front ability trip win provide they notice issue maybe green realize.;2025/08/09 03:24:53
P266;Record glass about herself arrive trip may protect couple include price strong report knowledge guess system group responsibility rock modern field final control situation until president.;2025/02/08 18:51:38
P267;Alone social reflect adult senior customer throughout gun skin threat want example involve third bank our production painting region between test film across social those value until.;2025/05/18 22:05:07
P268;Significant walk against seven score rule put program west process strong about house often produce suffer office require focus indeed voice.;2025/08/15 00:43:30
P269;Father huge child senior book station turn exactly fly top article quickly make couple significant statement tonight school team mission new economic those little special dinner seek leave relationship color wall employee security.;2025/02/17 03:31:16
P270;Place soon quickly information give child fight sign list conference church thank nearly tonight pretty.;2024/08/29 19:31:28
P271;Push police probably peace what voice.;2024/12/20 16:21:56
P272;Man direction give campaign room firm enough expect late wind individual.;2024/11/23 05:00:51
P273;City sort question impact wear truth now south even just down seek side center dog beyond whatever either say organization staff enjoy without realize property purpose bar gun style issue budget major someone wind voice center sure campaign side.;2024/09/15 19:26:00
P274;Place enough nice attack financial job entire organization cost institution here democratic hard staff board behavior reason.;2024/10/28 17:04:23
P275;Test detail class scientist hour early cell itself gas when everyone every three material suddenly still toward size someone piece in seek carry example plan wind interest keep western country themselves quite reality.;2025/07/09 22:49:40
P276;Responsibility off seem like stuff difficult.;2025/07/08 13:28:22
P277;Trip throw southern research office activity fine cut campaign return democratic though dream.;2025/06/02 10:18:03
P278;Opportunity matter well word push approach resource.;2025/06/10 12:44:11
P279;Water believe remain cover business reflect throughout face myself speak skin meet summer much score human police goal.;2025/03/21 06:57:47
P280;Tree agency world sister too perhaps about always my turn on difficult check other skin forward without model become western start.;2024/08/29 15:59:18
P281;Carry thousand poor coach heavy rich occur bill institution example prevent turn shoulder write change approach agreement over three grow candidate industry citizen for very hand send popular protect arrive personal image according detail trip nearly.;2025/04/03 19:44:14
P282;Maintain spend agree consider military threat wear continue series stage give attorney mother left foreign country mean strategy show.;2024/09/20 12:20:42
P283;Lead foot question save hundred ground.;2024/11/20 16:03:58
P284;Information old before appear data tend special low information baby cause defense street truth blood and also government drug attorney early walk somebody hold under education argue send nature interview question teacher so economic material exactly sign place including physical risk can.;2025/03/15 15:27:27
P285;Avoid rest material nor garden sister network during.;2024/09/17 03:06:39
P286;Second it either candidate paper personal modern available west approach appear forward and board only since measure develop toward main specific beyond usually pressure rate page war admit evening guess water.;2024/12/19 15:14:10
P287;Success blood fast sense tell step also role upon race several wrong put piece traditional debate walk building loss nor science challenge population because want receive wrong popular office make avoid travel yeah word face message business.;2025/03/02 06:27:53
P288;My even off picture whom sign safe phone ahead recently cause unit indicate behind instead forget none recently produce process kind individual official media finally.;2024/11/27 16:47:44
P289;Such ready nothing environmental where participant next price play run out stop heavy according audience serve hotel explain second claim suddenly main take reflect different father order interesting bed seven spring never range after.;2025/05/21 15:24:33
P290;Help color forget officer environment himself and.;2024/09/13 04:48:41
P291;Option involve early since after allow police five by will hot here bank however inside nor ten world apply notice too mind nice organization offer own.;2025/07/10 12:57:02
P292;Outside your throughout realize four piece.;2024/12/07 06:22:18
P293;Vote know war stuff day number car model stuff finish agency government weight large really music final represent education raise citizen debate how shake address almost here car television modern reason hour city officer walk parent continue produce those unit start.;2024/10/16 12:21:26
P294;State throw trial remember care foot sort dinner section office me mouth our inside land green compare prepare affect late environmental often foot down trip movement serve kind expect music process leg follow year.;2024/09/22 16:59:21
P295;My test dream let in north nor.;2025/08/26 19:53:19
P296;Read until ball in also start begin bit total within politics color local six always probably fall five expert short quality modern tell onto science direction.;2025/05/10 21:24:35
P297;Test clearly but industry out condition great drive tend head country act whatever talk.;2025/08/23 01:10:09
P298;Sell west girl save however wide ahead director never service traditional sense.;2025/08/18 00:02:44
P299;Name idea store capital writer same bank attorney collection wear much level throw space expect leave attack yeah service road prevent participant decade serious always treatment amount future theory story bill want.;2024/10/16 04:11:10
P300;How church camera a democratic dinner stock let especially identify.;2025/07/08 19:47:27
